id,name,model_id:id,group_id:id,perm_read,perm_write,perm_create,perm_unlink
access_odoocms_term_scheme_user,odoocms.term.scheme.user,odoocms_registration.model_odoocms_term_scheme,odoocms_registration.group_registration_user,1,0,0,0
access_odoocms_term_scheme_coordinator,odoocms.term.scheme.coordinator,odoocms_registration.model_odoocms_term_scheme,odoocms_registration.group_registration_coordinator,1,1,0,0
access_odoocms_term_scheme_manager,odoocms.term.scheme.manager,odoocms_registration.model_odoocms_term_scheme,odoocms_registration.group_registration_manager,1,1,1,1

access_odoocms_batch_section_user,odoocms.batch.section.user,odoocms_registration.model_odoocms_batch_section,odoocms_registration.group_registration_user,1,0,0,0
access_odoocms_batch_section_coordinator,odoocms.batch.section.coordinator,odoocms_registration.model_odoocms_batch_section,odoocms_registration.group_registration_coordinator,1,1,0,0
access_odoocms_batch_section_manager,odoocms.batch.section.manager,odoocms_registration.model_odoocms_batch_section,odoocms_registration.group_registration_manager,1,1,1,1

access_odoocms_batch_term_user,odoocms.batch.term.user,odoocms_registration.model_odoocms_batch_term,odoocms_registration.group_registration_user,1,0,0,0
access_odoocms_batch_term_coordinator,odoocms.batch.term.coordinator,odoocms_registration.model_odoocms_batch_term,odoocms_registration.group_registration_coordinator,1,1,0,0
access_odoocms_batch_term_manager,odoocms.batch.term.manager,odoocms_registration.model_odoocms_batch_term,odoocms_registration.group_registration_manager,1,1,1,1

access_odoocms_batch_term_section_user,odoocms.batch.term.section.user,odoocms_registration.model_odoocms_batch_term_section,odoocms_registration.group_registration_user,1,0,0,0
access_odoocms_batch_term_section_coordinator,odoocms.batch.term.section.coordinator,odoocms_registration.model_odoocms_batch_term_section,odoocms_registration.group_registration_coordinator,1,1,0,0
access_odoocms_batch_term_section_manager,odoocms.batch.term.section.manager,odoocms_registration.model_odoocms_batch_term_section,odoocms_registration.group_registration_manager,1,1,1,1

access_odoocms_class_grade_user,odoocms.class.grade.user,odoocms_registration.model_odoocms_class_grade,odoocms_registration.group_registration_user,1,1,0,0
access_odoocms_class_grade_coordinator,odoocms.class.grade.coordinator,odoocms_registration.model_odoocms_class_grade,odoocms_registration.group_registration_coordinator,1,1,0,0
access_odoocms_class_grade_manager,odoocms.class.grade.manager,odoocms_registration.model_odoocms_class_grade,odoocms_registration.group_registration_manager,1,1,1,1
access_odoocms_class_grade_portal,odoocms.class.grade.portal,odoocms_registration.model_odoocms_class_grade,base.group_portal,1,0,0,0

access_odoocms_class_primary_user,odoocms.class.primary.user,odoocms_registration.model_odoocms_class_primary,odoocms.group_cms_user,1,0,0,0
access_odoocms_class_primary_coordinator,odoocms.class.primary.coordinator,odoocms_registration.model_odoocms_class_primary,odoocms.group_cms_coordinator,1,1,0,0
access_odoocms_class_primary_manager,odoocms.class.primary.manager,odoocms_registration.model_odoocms_class_primary,odoocms.group_cms_manager,1,1,1,1

access_odoocms_class_primary_couple_user,odoocms.class.primary.couple.user,odoocms_registration.model_odoocms_class_primary_couple,odoocms_registration.group_registration_user,1,0,0,0
access_odoocms_class_primary_couple_coordinator,odoocms.class.primary.couple.coordinator,odoocms_registration.model_odoocms_class_primary_couple,odoocms_registration.group_registration_coordinator,1,1,0,0
access_odoocms_class_primary_couple_manager,odoocms.class.primary.couple.manager,odoocms_registration.model_odoocms_class_primary_couple,odoocms_registration.group_registration_manager,1,1,1,1

access_odoocms_class_user,odoocms.class.user,odoocms_registration.model_odoocms_class,odoocms.group_cms_user,1,0,0,0
access_odoocms_class_coordinator,odoocms.class.coordinator,odoocms_registration.model_odoocms_class,odoocms.group_cms_coordinator,1,1,0,0
access_odoocms_class_manager,odoocms.class.manager,odoocms_registration.model_odoocms_class,odoocms.group_cms_manager,1,1,1,1

access_odoocms_class_faculty_user,odoocms.class.faculty.user,odoocms_registration.model_odoocms_class_faculty,odoocms.group_cms_user,1,0,0,0
access_odoocms_class_faculty_coordinator,odoocms.class.faculty.coordinator,odoocms_registration.model_odoocms_class_faculty,odoocms.group_cms_coordinator,1,1,1,0
access_odoocms_class_faculty_manager,odoocms.class.faculty.manager,odoocms_registration.model_odoocms_class_faculty,odoocms.group_cms_manager,1,1,1,1

access_odoocms_course_registration_user,odoocms.course.registration.user,odoocms_registration.model_odoocms_course_registration,odoocms_registration.group_registration_user,1,1,1,0
access_odoocms_course_registration_coordinator,odoocms.course.registration.coordinator,odoocms_registration.model_odoocms_course_registration,odoocms_registration.group_registration_coordinator,1,1,1,1
access_odoocms_course_registration_manager,odoocms.course.registration.manager,odoocms_registration.model_odoocms_course_registration,odoocms_registration.group_registration_manager,1,1,1,1

access_odoocms_course_registration_line_user,odoocms.course.registration.line.user,odoocms_registration.model_odoocms_course_registration_line,odoocms_registration.group_registration_user,1,1,1,0
access_odoocms_course_registration_line_coordinator,odoocms.course.registration.line.coordinator,odoocms_registration.model_odoocms_course_registration_line,odoocms_registration.group_registration_coordinator,1,1,1,0
access_odoocms_course_registration_line_manager,odoocms.course.registration.line.manager,odoocms_registration.model_odoocms_course_registration_line,odoocms_registration.group_registration_manager,1,1,1,1

access_odoocms_course_registration_line_drop_user,odoocms.course.registration.line.drop.user,odoocms_registration.model_odoocms_course_registration_line_drop,odoocms_registration.group_registration_user,1,1,1,0
access_odoocms_course_registration_line_drop_coordinator,odoocms.course.registration.line.drop.coordinator,odoocms_registration.model_odoocms_course_registration_line_drop,odoocms_registration.group_registration_coordinator,1,1,1,0
access_odoocms_course_registration_line_drop_manager,odoocms.course.registration.line.drop.manager,odoocms_registration.model_odoocms_course_registration_line_drop,odoocms_registration.group_registration_manager,1,1,1,1

access_odoocms_student_course_add_drop_user,odoocms.student.course.add.drop.user,odoocms_registration.model_odoocms_student_course_add_drop,odoocms_registration.group_registration_user,1,1,1,0
access_odoocms_student_course_add_drop_coordinator,odoocms.student.course.add.drop.coordinator,odoocms_registration.model_odoocms_student_course_add_drop,odoocms_registration.group_registration_coordinator,1,1,1,0
access_odoocms_student_course_add_drop_manager,odoocms.student.course.add.drop.manager,odoocms_registration.model_odoocms_student_course_add_drop,odoocms_registration.group_registration_manager,1,1,1,1

access_odoocms_course_registration_bulk_user,odoocms.course.registration.bulk.user,odoocms_registration.model_odoocms_course_registration_bulk,odoocms_registration.group_registration_user,1,1,1,0
access_odoocms_course_registration_bulk_coordinator,odoocms.course.registration.bulk.coordinator,odoocms_registration.model_odoocms_course_registration_bulk,odoocms_registration.group_registration_coordinator,1,1,1,0
access_odoocms_course_registration_bulk_manager,odoocms.course.registration.bulk.manager,odoocms_registration.model_odoocms_course_registration_bulk,odoocms_registration.group_registration_manager,1,1,1,1

access_odoocms_course_registration_bulk2_user,odoocms.course.registration.bulk2.user,odoocms_registration.model_odoocms_course_registration_bulk2,odoocms_registration.group_registration_user,1,1,1,0
access_odoocms_course_registration_bulk2_coordinator,odoocms.course.registration.bulk2.coordinator,odoocms_registration.model_odoocms_course_registration_bulk2,odoocms_registration.group_registration_coordinator,1,1,1,0
access_odoocms_course_registration_bulk2_manager,odoocms.course.registration.bulk2.manager,odoocms_registration.model_odoocms_course_registration_bulk2,odoocms_registration.group_registration_manager,1,1,1,1

access_odoocms_course_registration_cross_user,odoocms.course.registration.cross.user,odoocms_registration.model_odoocms_course_registration_cross,odoocms_registration.group_registration_user,1,1,1,0
access_odoocms_course_registration_cross_coordinator,odoocms.course.registration.cross.coordinator,odoocms_registration.model_odoocms_course_registration_cross,odoocms_registration.group_registration_coordinator,1,1,1,0
access_odoocms_course_registration_cross_manager,odoocms.course.registration.cross.manager,odoocms_registration.model_odoocms_course_registration_cross,odoocms_registration.group_registration_manager,1,1,1,1

access_odoocms_course_registration_cross_office_user,odoocms.course.registration.cross.office.user,odoocms_registration.model_odoocms_course_registration_cross_office,odoocms_registration.group_registration_user,1,1,1,0
access_odoocms_course_registration_cross_office_coordinator,odoocms.course.registration.cross.office.coordinator,odoocms_registration.model_odoocms_course_registration_cross_office,odoocms_registration.group_registration_coordinator,1,1,1,0
access_odoocms_course_registration_cross_office_manager,odoocms.course.registration.cross.office.manager,odoocms_registration.model_odoocms_course_registration_cross_office,odoocms_registration.group_registration_manager,1,1,1,1

access_odoocms_student_course_user,odoocms.student.course.user,odoocms_registration.model_odoocms_student_course,odoocms_registration.group_registration_user,1,1,1,0
access_odoocms_student_course_coordinator,odoocms.student.course.coordinator,odoocms_registration.model_odoocms_student_course,odoocms_registration.group_registration_coordinator,1,1,1,0
access_odoocms_student_course_manager,odoocms.student.course.manager,odoocms_registration.model_odoocms_student_course,odoocms_registration.group_registration_manager,1,1,1,1
access_odoocms_student_course_portal,odoocms.student.course.portal,odoocms_registration.model_odoocms_student_course,base.group_portal,1,0,0,0

access_odoocms_student_course_component_user,odoocms.student.course.component.user,odoocms_registration.model_odoocms_student_course_component,odoocms_registration.group_registration_user,1,1,1,0
access_odoocms_student_course_component_coordinator,odoocms.student.course.component.coordinator,odoocms_registration.model_odoocms_student_course_component,odoocms_registration.group_registration_coordinator,1,1,1,1
access_odoocms_student_course_component_manager,odoocms.student.course.component.manager,odoocms_registration.model_odoocms_student_course_component,odoocms_registration.group_registration_manager,1,1,1,1
access_odoocms_student_course_component_portal,odoocms.student.course.component.portal,odoocms_registration.model_odoocms_student_course_component,base.group_portal,1,0,0,0

access_odoocms_student_term_user,odoocms.student.term.user,odoocms_registration.model_odoocms_student_term,odoocms_registration.group_registration_user,1,1,1,0
access_odoocms_student_term_coordinator,odoocms.student.term.coordinator,odoocms_registration.model_odoocms_student_term,odoocms_registration.group_registration_coordinator,1,1,1,0
access_odoocms_student_term_manager,odoocms.student.term.manager,odoocms_registration.model_odoocms_student_term,odoocms_registration.group_registration_manager,1,1,1,1
access_odoocms_student_term_portal,odoocms.student.term.portal,odoocms_registration.model_odoocms_student_term,base.group_portal,1,0,0,0

access_odoocms_student_term_defer_user,odoocms.student.term.defer.user,odoocms_registration.model_odoocms_student_term_defer,odoocms_registration.group_registration_user,1,0,0,0
access_odoocms_student_term_defer_coordinator,odoocms.student.term.defer.coordinator,odoocms_registration.model_odoocms_student_term_defer,odoocms_registration.group_registration_coordinator,1,0,0,0
access_odoocms_student_term_defer_manager,odoocms.student.term.defer.manager,odoocms_registration.model_odoocms_student_term_defer,odoocms_registration.group_registration_manager,1,0,0,0
access_odoocms_student_term_defer_cms_manager,odoocms.student.term.defer.cms.manager,odoocms_registration.model_odoocms_student_term_defer,odoocms.group_cms_manager,1,1,1,0
access_odoocms_student_term_defer_portal,odoocms.student.term.defer.portal,odoocms_registration.model_odoocms_student_term_defer,base.group_portal,1,0,0,0

access_odoocms_student_term_resume_user,odoocms.student.term.resume.user,odoocms_registration.model_odoocms_student_term_resume,odoocms_registration.group_registration_user,1,0,0,0
access_odoocms_student_term_resume_coordinator,odoocms.student.term.resume.coordinator,odoocms_registration.model_odoocms_student_term_resume,odoocms_registration.group_registration_coordinator,1,0,0,0
access_odoocms_student_term_resume_manager,odoocms.student.term.resume.manager,odoocms_registration.model_odoocms_student_term_resume,odoocms_registration.group_registration_manager,1,0,0,0
access_odoocms_student_term_resume_cms_manager,odoocms.student.term.resume.cms.manager,odoocms_registration.model_odoocms_student_term_resume,odoocms.group_cms_manager,1,1,1,0

access_odoocms_tuition_fee_defer_user,odoocms.tuition.fee.defer.user,odoocms_registration.model_odoocms_tuition_fee_defer,odoocms_registration.group_registration_user,1,0,0,0
access_odoocms_tuition_fee_defer_coordinator,odoocms.tuition.fee.defer.coordinator,odoocms_registration.model_odoocms_tuition_fee_defer,odoocms_registration.group_registration_coordinator,1,0,0,0
access_odoocms_tuition_fee_defer_manager,odoocms.tuition.fee.defer.manager,odoocms_registration.model_odoocms_tuition_fee_defer,odoocms_registration.group_registration_manager,1,0,0,0
access_odoocms_tuition_fee_defer_cms_manager,odoocms.tuition.fee.defer.cms.manager,odoocms_registration.model_odoocms_tuition_fee_defer,odoocms.group_cms_manager,1,1,1,0

access_odoocms_student_fee_refund_user,odoocms.student.fee.refund.user,odoocms_registration.model_odoocms_student_fee_refund,odoocms_registration.group_registration_user,1,0,0,0
access_odoocms_student_fee_refund_coordinator,odoocms.student.fee.refund.coordinator,odoocms_registration.model_odoocms_student_fee_refund,odoocms_registration.group_registration_coordinator,1,0,0,0
access_odoocms_student_fee_refund_manager,odoocms.student.fee.refund.manager,odoocms_registration.model_odoocms_student_fee_refund,odoocms_registration.group_registration_manager,1,0,0,0
access_odoocms_student_fee_refund_cms_manager,odoocms.student.fee.refund.cms.manager,odoocms_registration.model_odoocms_student_fee_refund,odoocms.group_cms_manager,1,1,1,0

access_odoocms_student_fee_installment_user,odoocms.student.fee.installment.user,odoocms_registration.model_odoocms_student_fee_installment,odoocms_registration.group_registration_user,1,0,0,0
access_odoocms_student_fee_installment_coordinator,odoocms.student.fee.installment.coordinator,odoocms_registration.model_odoocms_student_fee_installment,odoocms_registration.group_registration_coordinator,1,0,0,0
access_odoocms_student_fee_installment_manager,odoocms.student.fee.installment.manager,odoocms_registration.model_odoocms_student_fee_installment,odoocms_registration.group_registration_manager,1,0,0,0
access_odoocms_student_fee_installment_cms_manager,odoocms.student.fee.installment.cms.manager,odoocms_registration.model_odoocms_student_fee_installment,odoocms.group_cms_manager,1,1,1,0

access_odoocms_student_course_drop_user,odoocms.student.course.drop.user,odoocms_registration.model_odoocms_student_course_drop,odoocms_registration.group_registration_user,1,1,1,0
access_odoocms_student_course_drop_coordinator,odoocms.student.course.drop.coordinator,odoocms_registration.model_odoocms_student_course_drop,odoocms_registration.group_registration_coordinator,1,1,1,0
access_odoocms_student_course_drop_manager,odoocms.student.course.drop.manager,odoocms_registration.model_odoocms_student_course_drop,odoocms_registration.group_registration_manager,1,1,1,0

access_odoocms_request_student_profile_user,odoocms.request.student.profile.user,odoocms_registration.model_odoocms_request_student_profile,odoocms_registration.group_registration_user,1,1,1,0
access_odoocms_request_student_profile_coordinator,odoocms.request.student.profile.coordinator,odoocms_registration.model_odoocms_request_student_profile,odoocms_registration.group_registration_coordinator,1,1,1,0
access_odoocms_request_student_profile_manager,odoocms.request.student.profile.manager,odoocms_registration.model_odoocms_request_student_profile,odoocms_registration.group_registration_manager,1,1,1,1

access_odoocms_request_student_specialization_user,odoocms.request.student.specialization.user,odoocms_registration.model_odoocms_request_student_specialization,odoocms_registration.group_registration_user,1,1,1,0
access_odoocms_request_student_specialization_coordinator,odoocms.request.student.specialization.coordinator,odoocms_registration.model_odoocms_request_student_specialization,odoocms_registration.group_registration_coordinator,1,1,1,0
access_odoocms_request_student_specialization_manager,odoocms.request.student.specialization.manager,odoocms_registration.model_odoocms_request_student_specialization,odoocms_registration.group_registration_manager,1,1,1,1

access_odoocms_request_student_certificate_user,odoocms.request.student.certificate.user,odoocms_registration.model_odoocms_request_student_certificate,odoocms_registration.group_registration_user,1,1,1,0
access_odoocms_request_student_certificate_coordinator,odoocms.request.student.certificate.coordinator,odoocms_registration.model_odoocms_request_student_certificate,odoocms_registration.group_registration_coordinator,1,1,1,0
access_odoocms_request_student_certificate_manager,odoocms.request.student.certificate.manager,odoocms_registration.model_odoocms_request_student_certificate,odoocms_registration.group_registration_manager,1,1,1,1

access_odoocms_request_name_correction_user,odoocms.request.name.correction.user,odoocms_registration.model_odoocms_request_name_correction,odoocms_registration.group_registration_user,1,1,1,0
access_odoocms_request_name_correction_coordinator,odoocms.request.name.correction.coordinator,odoocms_registration.model_odoocms_request_name_correction,odoocms_registration.group_registration_coordinator,1,1,1,0
access_odoocms_request_name_correction_manager,odoocms.request.name.correction.manager,odoocms_registration.model_odoocms_request_name_correction,odoocms_registration.group_registration_manager,1,1,1,1


access_odoocms_request_waiver_fine_user,odoocms.request.waiver.fine.user,odoocms_registration.model_odoocms_request_waiver_fine,odoocms_registration.group_registration_user,1,1,1,0
access_odoocms_request_waiver_fine_coordinator,odoocms.request.waiver.fine.coordinator,odoocms_registration.model_odoocms_request_waiver_fine,odoocms_registration.group_registration_coordinator,1,1,1,0
access_odoocms_request_waiver_fine_manager,odoocms.request.waiver.fine.manager,odoocms_registration.model_odoocms_request_waiver_fine,odoocms_registration.group_registration_manager,1,1,1,1


access_odoocms_request_registration_restoration_user,odoocms.request.registration.restoration.user,odoocms_registration.model_odoocms_request_registration_restoration,odoocms_registration.group_registration_user,1,1,1,0
access_odoocms_request_registration_restoration_coordinator,odoocms.request.registration.restoration.coordinator,odoocms_registration.model_odoocms_request_registration_restoration,odoocms_registration.group_registration_coordinator,1,1,1,0
access_odoocms_request_registration_restoration_manager,odoocms.request.registration.restoration.manager,odoocms_registration.model_odoocms_request_registration_restoration,odoocms_registration.group_registration_manager,1,1,1,1

access_odoocms_request_medical_leave_user,odoocms.request.medical.leave.user,odoocms_registration.model_odoocms_request_medical_leave,odoocms_registration.group_registration_user,1,1,1,0
access_odoocms_request_medical_leave_coordinator,odoocms.request.medical.leave.coordinator,odoocms_registration.model_odoocms_request_medical_leave,odoocms_registration.group_registration_coordinator,1,1,1,0
access_odoocms_request_medical_leave_manager,odoocms.request.medical.leave.manager,odoocms_registration.model_odoocms_request_medical_leave,odoocms_registration.group_registration_manager,1,1,1,1

access_odoocms_request_card_user,odoocms.request.card.user,odoocms_registration.model_odoocms_request_card,odoocms_registration.group_registration_user,1,1,1,0
access_odoocms_request_card_coordinator,odoocms.request.card.coordinator,odoocms_registration.model_odoocms_request_card,odoocms_registration.group_registration_coordinator,1,1,1,0
access_odoocms_request_card_manager,odoocms.request.card.manager,odoocms_registration.model_odoocms_request_card,odoocms_registration.group_registration_manager,1,1,1,1

access_odoocms_request_plagiarism_perfoma_user,odoocms.request.plagiarism.perfoma.user,odoocms_registration.model_odoocms_request_plagiarism_perfoma,odoocms_registration.group_registration_user,1,1,1,0
access_odoocms_request_plagiarism_perfoma_coordinator,odoocms.request.plagiarism.perfoma.coordinator,odoocms_registration.model_odoocms_request_plagiarism_perfoma,odoocms_registration.group_registration_coordinator,1,1,1,0
access_odoocms_request_plagiarism_perfoma_manager,odoocms.request.plagiarism.perfoma.manager,odoocms_registration.model_odoocms_request_plagiarism_perfoma,odoocms_registration.group_registration_manager,1,1,1,1

access_odoocms_request_program_change_user,odoocms.request.program.change.user,odoocms_registration.model_odoocms_request_program_change,odoocms_registration.group_registration_user,1,1,1,0
access_odoocms_request_program_change_coordinator,odoocms.request.program.change.coordinator,odoocms_registration.model_odoocms_request_program_change,odoocms_registration.group_registration_coordinator,1,1,1,0
access_odoocms_request_program_change_manager,odoocms.request.program.change.manager,odoocms_registration.model_odoocms_request_program_change,odoocms_registration.group_registration_manager,1,1,1,1




access_odoocms_drop_reason_user,odoocms.drop.reason.user,odoocms_registration.model_odoocms_drop_reason,odoocms_registration.group_registration_user,1,1,1,0
access_odoocms_drop_reason_coordinator,odoocms.drop.reason.coordinator,odoocms_registration.model_odoocms_drop_reason,odoocms_registration.group_registration_coordinator,1,1,1,0
access_odoocms_drop_reason_manager,odoocms.drop.reason.manager,odoocms_registration.model_odoocms_drop_reason,odoocms_registration.group_registration_manager,1,1,1,1

access_odoocms_student_course_delete_user,odoocms.student.course.delete.user,odoocms_registration.model_odoocms_student_course_delete,odoocms_registration.group_registration_user,1,1,1,0
access_odoocms_student_course_delete_coordinator,odoocms.student.course.delete.coordinator,odoocms_registration.model_odoocms_student_course_delete,odoocms_registration.group_registration_coordinator,1,1,1,0
access_odoocms_student_course_delete_manager,odoocms.student.course.delete.manager,odoocms_registration.model_odoocms_student_course_delete,odoocms_registration.group_registration_manager,1,1,1,1

access_odoocms_class_generator_user,odoocms.class.generator.user,odoocms_registration.model_odoocms_class_generator,odoocms_registration.group_registration_user,1,1,1,0
access_odoocms_class_generator_coordinator,odoocms.class.generator.coordinator,odoocms_registration.model_odoocms_class_generator,odoocms_registration.group_registration_coordinator,1,1,1,0
access_odoocms_class_generator_manager,odoocms.class.generator.manager,odoocms_registration.model_odoocms_class_generator,odoocms_registration.group_registration_manager,1,1,1,0

access_odoocms_class_generator_line_user,odoocms.class.generator.line.user,odoocms_registration.model_odoocms_class_generator_line,odoocms_registration.group_registration_user,1,1,1,0
access_odoocms_class_generator_line_coordinator,odoocms.class.generator.line.coordinator,odoocms_registration.model_odoocms_class_generator_line,odoocms_registration.group_registration_coordinator,1,1,1,1
access_odoocms_class_generator_line_manager,odoocms.class.generator.line.manager,odoocms_registration.model_odoocms_class_generator_line,odoocms_registration.group_registration_manager,1,1,1,1

access_odoocms_student_registration_load_user,odoocms.student.registration.load.user,odoocms_registration.model_odoocms_student_registration_load,odoocms_registration.group_registration_user,1,1,1,0
access_odoocms_student_registration_load_coordinator,odoocms.student.registration.load.coordinator,odoocms_registration.model_odoocms_student_registration_load,odoocms_registration.group_registration_coordinator,1,1,1,0
access_odoocms_student_registration_load_manager,odoocms.student.registration.load.manager,odoocms_registration.model_odoocms_student_registration_load,odoocms_registration.group_registration_manager,1,1,1,1

access_odoocms_assign_section_wiz,access.odoocms.assign.section.wiz,model_odoocms_assign_section_wiz,base.group_user,1,1,1,0
access_odoocms_assign_teacher_wiz,access.odoocms.assign.teacher.wiz,model_odoocms_assign_teacher_wiz,base.group_user,1,1,1,0
access_odoocms_assign_domain_rule_wiz,access.odoocms.assign.domain.rule.wiz,model_odoocms_assign_domain_rule_wiz,base.group_user,1,1,1,0
access_odoocms_promote_student,access.odoocms.promote.student,model_odoocms_promote_student,base.group_user,1,1,1,0

access_odoocms_auto_enrollment,access.odoocms.auto.enrollment,model_odoocms_auto_enrollment,base.group_user,1,1,1,0
access_odoocms_class_faculty_tracking,access.odoocms.class.faculty.tracking,model_odoocms_class_faculty_tracking,base.group_user,1,1,1,0

access_odoocms_student_courses_shift_user,odoocms.student.courses.shift.user,odoocms_registration.model_odoocms_student_courses_shift,odoocms_registration.group_registration_user,1,1,1,0
access_odoocms_student_courses_shift_coordinator,odoocms.student.courses.shift.coordinator,odoocms_registration.model_odoocms_student_courses_shift,odoocms_registration.group_registration_coordinator,1,1,1,0
access_odoocms_student_courses_shift_manager,odoocms.student.courses.shift.manager,odoocms_registration.model_odoocms_student_courses_shift,odoocms_registration.group_registration_manager,1,1,1,0

access_odoocms_student_course_shift_user,odoocms.student.course.shift.user,odoocms_registration.model_odoocms_student_course_shift,odoocms_registration.group_registration_user,1,1,1,0
access_odoocms_student_course_shift_coordinator,odoocms.student.course.shift.coordinator,odoocms_registration.model_odoocms_student_course_shift,odoocms_registration.group_registration_coordinator,1,1,1,0
access_odoocms_student_course_shift_manager,odoocms.student.course.shift.manager,odoocms_registration.model_odoocms_student_course_shift,odoocms_registration.group_registration_manager,1,1,1,0

access_odoocms_student_course_shift_line_user,odoocms.student.course.shift.line.user,odoocms_registration.model_odoocms_student_course_shift_line,odoocms_registration.group_registration_user,1,1,1,0
access_odoocms_student_course_shift_line_coordinator,odoocms.student.course.shift.line.coordinator,odoocms_registration.model_odoocms_student_course_shift_line,odoocms_registration.group_registration_coordinator,1,1,1,0
access_odoocms_student_course_shift_line_manager,odoocms.student.course.shift.line.manager,odoocms_registration.model_odoocms_student_course_shift_line,odoocms_registration.group_registration_manager,1,1,1,0

access_odoocms_course_shift_user,odoocms.course.shift.user,odoocms_registration.model_odoocms_course_shift,odoocms_registration.group_registration_user,1,1,1,0
access_odoocms_course_shift_coordinator,odoocms.course.shift.coordinator,odoocms_registration.model_odoocms_course_shift,odoocms_registration.group_registration_coordinator,1,1,1,0
access_odoocms_course_shift_manager,odoocms.course.shift.manager,odoocms_registration.model_odoocms_course_shift,odoocms_registration.group_registration_manager,1,1,1,0

access_odoocms_course_shift_reg_user,odoocms.course.shift.reg.user,odoocms_registration.model_odoocms_course_shift_reg,odoocms_registration.group_registration_user,1,1,1,0
access_odoocms_course_shift_reg_coordinator,odoocms.course.shift.reg.coordinator,odoocms_registration.model_odoocms_course_shift_reg,odoocms_registration.group_registration_coordinator,1,1,1,0
access_odoocms_course_shift_reg_manager,odoocms.course.shift.reg.manager,odoocms_registration.model_odoocms_course_shift_reg,odoocms_registration.group_registration_manager,1,1,1,0

access_odoocms_course_change_reg_user,odoocms.course.change.reg.user,odoocms_registration.model_odoocms_course_change_reg,odoocms_registration.group_registration_user,1,1,1,0
access_odoocms_course_change_reg_coordinator,odoocms.course.change.reg.coordinator,odoocms_registration.model_odoocms_course_change_reg,odoocms_registration.group_registration_coordinator,1,1,1,0
access_odoocms_course_change_reg_manager,odoocms.course.change.reg.manager,odoocms_registration.model_odoocms_course_change_reg,odoocms_registration.group_registration_manager,1,1,1,0

access_odoocms_course_drop_user,odoocms.course.drop.user,odoocms_registration.model_odoocms_course_drop,odoocms_registration.group_registration_user,1,1,1,0
access_odoocms_course_drop_coordinator,odoocms.course.drop.coordinator,odoocms_registration.model_odoocms_course_drop,odoocms_registration.group_registration_coordinator,1,1,1,0
access_odoocms_course_drop_manager,odoocms.course.drop.manager,odoocms_registration.model_odoocms_course_drop,odoocms_registration.group_registration_manager,1,1,1,0

access_odoocms_course_registration_must_user,odoocms.course.registration.must.user,odoocms_registration.model_odoocms_course_registration_must,odoocms_registration.group_registration_user,1,1,1,0
access_odoocms_course_registration_must_coordinator,odoocms.course.registration.must.coordinator,odoocms_registration.model_odoocms_course_registration_must,odoocms_registration.group_registration_coordinator,1,1,1,0
access_odoocms_course_registration_must_manager,odoocms.course.registration.must.manager,odoocms_registration.model_odoocms_course_registration_must,odoocms_registration.group_registration_manager,1,1,1,0

access_odoocms_class_additional_info_user,odoocms.class.additional.info.user,odoocms_registration.model_odoocms_class_additional_info,base.group_user,1,1,1,1
access_odoocms_class_books_user,odoocms.class.books.user,odoocms_registration.model_odoocms_class_books,base.group_user,1,1,1,1
access_odoocms_class_breakdown_user,odoocms.class.breakdown.user,odoocms_registration.model_odoocms_class_breakdown,base.group_user,1,1,1,1
access_odoocms_class_breakdown_attachment,odoocms.class.breakdown.attachment,model_odoocms_class_breakdown_attachment,base.group_user,1,1,1,1
access_odoocms_class_resource_user,odoocms.class.resource.user,odoocms_registration.model_odoocms_class_resource,base.group_user,1,1,1,1
access_odoocms_class_news_user,odoocms.class.news.user,odoocms_registration.model_odoocms_class_news,base.group_user,1,1,1,1
access_odoocms_class_material_user,odoocms.class.material.user,odoocms_registration.model_odoocms_class_material,base.group_user,1,1,1,1

access_odoocms_lab,odoocms.lab,model_odoocms_lab,base.group_user,1,1,1,1
access_odoocms_lab_ip,odoocms.lab.ip,model_odoocms_lab_ip,base.group_user,1,1,1,1
access_odoocms_class_query,odoocms.class.query,model_odoocms_class_query,base.group_user,1,1,1,1
access_student_mail_notify,student.mail.notify,model_student_mail_notify,base.group_user,1,1,1,1

access_teacher_course_load_wizard,teacher.course.load.wizard,model_teacher_course_load_wizard,base.group_user,1,1,1,0
access_withdraw_reinstate.wizard,withdraw.reinstate.wizard,model_withdraw_reinstate_wizard,base.group_user,1,1,1,0
access_student_convocation_list,student_convocation_list,model_student_convocation_list,base.group_user,1,1,1,0
access_teacher_info_report,teacher.info.report,model_teacher_info_report,base.group_user,1,1,1,0

access_registration_stat_detail_report,registration.stat.detail.report.access,model_registration_stat_detail_report,base.group_user,1,1,1,0

access_odoocms_change_course_info,access.odoocms.change.course.info,model_odoocms_change_course_info,odoocms_registration.group_registration_manager,1,1,1,0
access_odoocms_change_course_info_component,access.odoocms.change.course.info.component,model_odoocms_change_course_info_component,odoocms_registration.group_registration_manager,1,1,1,0

access_odoocms_student_course_withdraw,access.odoocms.student.course.withdraw,model_odoocms_student_course_withdraw,odoocms.group_cms_user,1,1,1,0
access_odoocms_cancel_registration,access.odoocms.cancel.registration,model_odoocms_cancel_registration,odoocms_registration.group_registration_manager,1,1,1,0
access_faculty_staff_load,access.faculty.staff.load,model_faculty_staff_load,odoocms.group_cms_user,1,1,1,0

access_odoocms_registration_cache,access.odoocms.registration.cache,model_odoocms_registration_cache,base.group_user,1,1,1,1
access_odoocms_registration_cache_wizard,odoocms.registration.cache.wizard,model_odoocms_registration_cache_wizard,base.group_user,1,1,1,1

access_odoocms_registration_cache_class,access.odoocms.registration.cache.class,model_odoocms_registration_cache_class,base.group_user,1,1,1,1
access_odoocms_registration_cache_class_wizard,odoocms.registration.cache.class.wizard,model_odoocms_registration_cache_class_wizard,base.group_user,1,1,1,1

